customer_id,recency,frequency,monetary,avg_order_value,spend_cv,category_entropy,n_categories,trend_score,avg_purchase_gap,gap_std,persona
1,2,26,7344.43,282.48,0.303,1.3714,4,2807.725,2.72,3.93,premium
2,4,30,8108.34,270.28,0.3364,1.7001,6,0.0,1.1,1.23,premium
3,33,14,4011.51,286.54,0.2914,1.277,4,442.567,10.77,13.43,premium
4,9,12,3218.25,268.19,0.2515,1.0397,3,572.397,7.73,10.23,premium
5,28,15,4318.52,287.9,0.4364,1.2454,4,-89.935,3.79,4.1,premium
6,3,25,7097.68,283.91,0.277,1.5866,5,0.0,2.33,3.12,premium
7,14,31,8550.5,275.82,0.277,1.5391,5,2560.515,2.13,3.82,premium
8,11,22,7080.07,321.82,0.2319,1.0671,3,2504.24,3.29,5.18,premium
9,18,31,8854.32,285.62,0.3188,1.5135,5,0.0,1.4,3.29,premium
10,24,20,6284.45,314.22,0.2079,1.5842,5,190.375,3.21,4.34,premium
11,10,30,8853.74,295.12,0.3103,1.3751,4,3947.045,2.48,8.86,premium
12,28,22,6239.69,283.62,0.3125,1.3513,4,520.585,2.76,6.32,premium
13,28,32,8721.52,272.55,0.2947,1.5132,5,722.475,1.55,2.88,premium
14,13,14,4272.12,305.15,0.2919,1.5741,5,429.919,8.69,10.66,premium
15,30,8,2313.72,289.22,0.3108,1.3209,4,5.49,5.57,5.94,premium
16,16,25,7134.9,285.4,0.3236,1.3625,4,1229.512,3.21,4.41,premium
17,11,28,7932.54,283.3,0.2614,1.5495,5,2873.995,1.89,2.86,premium
18,25,26,8096.83,311.42,0.2693,1.0579,3,724.16,2.04,2.23,premium
19,2,27,7418.21,274.75,0.3691,1.2898,4,3637.895,2.5,7.71,premium
20,20,37,10792.65,291.69,0.2899,1.3402,4,0.0,1.03,1.65,premium
21,27,23,6653.65,289.29,0.2686,1.3538,4,922.35,2.32,5.71,premium
22,35,23,6258.38,272.1,0.3695,1.6817,6,0.0,1.64,2.26,premium
23,27,32,8500.12,265.63,0.3323,1.3824,4,803.555,1.35,1.84,premium
24,17,16,4847.92,303.0,0.2191,1.3705,4,826.48,4.67,5.35,premium
25,8,31,8342.35,269.11,0.2692,1.3291,4,0.0,1.5,1.81,premium
26,31,11,2814.38,255.85,0.1576,1.3421,4,887.705,6.8,8.36,premium
27,30,16,4248.96,265.56,0.3075,1.7214,6,-183.92,2.73,2.89,premium
28,38,20,5396.8,269.84,0.2259,1.2899,4,1504.22,3.63,3.67,premium
29,26,19,5207.15,274.06,0.2251,1.649,6,556.81,3.06,6.32,premium
30,29,39,11182.65,286.73,0.2199,1.3773,4,907.485,0.95,2.95,premium
31,24,27,7336.63,271.73,0.2889,1.311,4,1132.275,1.85,4.42,premium
32,23,22,6531.1,296.87,0.2819,1.4444,5,888.614,3.67,8.31,premium
33,4,24,7366.63,306.94,0.2048,1.5236,5,2585.01,2.7,3.62,premium
34,68,20,6068.95,303.45,0.2606,0.6881,2,1222.157,5.32,9.3,premium
35,13,29,8090.31,278.98,0.2853,1.6657,6,0.0,1.11,1.34,premium
36,24,15,3349.13,223.28,0.308,1.3229,4,240.529,6.36,7.16,premium
37,31,36,10146.72,281.85,0.28,1.5577,5,0.0,1.37,2.26,premium
38,29,33,8957.08,271.43,0.3103,1.5313,5,285.065,1.69,2.61,premium
39,17,27,7283.47,269.76,0.2314,1.5917,5,0.0,1.58,1.77,premium
40,19,16,4128.15,258.01,0.2709,1.5438,5,401.969,6.93,8.0,premium
41,38,32,9176.73,286.77,0.2234,1.6738,6,0.0,1.39,1.8,premium
42,6,24,6242.89,260.12,0.3493,1.5066,5,0.0,1.96,2.2,premium
43,22,20,5642.74,282.14,0.2784,1.0805,3,66.54,3.63,4.03,premium
44,4,22,6109.28,277.69,0.261,1.5827,5,0.0,1.81,2.73,premium
45,17,13,4013.85,308.76,0.2355,1.072,4,164.795,7.83,5.91,premium
46,34,29,8264.48,284.98,0.2572,1.5905,5,0.0,1.64,2.21,premium
47,3,22,6063.58,275.62,0.3003,1.0966,3,0.0,1.52,2.16,premium
48,23,27,7774.24,287.93,0.2593,1.5634,5,1634.515,1.81,2.68,premium
49,2,26,6619.2,254.58,0.3297,1.5749,5,2534.885,2.56,3.74,premium
50,49,31,7873.35,253.98,0.3015,1.2658,4,0.0,1.1,1.63,premium
51,14,28,7429.43,265.34,0.2849,0.67,2,0.0,1.52,1.67,premium
52,17,29,7364.36,253.94,0.3356,1.2849,4,2379.97,1.64,2.64,premium
53,22,22,6098.59,277.21,0.311,1.3306,4,665.005,3.48,4.41,premium
54,20,22,6555.19,297.96,0.2676,1.3654,4,784.301,4.1,10.01,premium
55,4,18,5031.72,279.54,0.2552,1.259,4,1186.274,6.29,16.13,premium
56,8,18,4684.2,260.23,0.3821,1.0986,3,0.0,2.88,4.62,premium
57,15,24,6831.9,284.66,0.2625,1.2627,4,0.0,1.83,2.21,premium
58,14,14,4218.48,301.32,0.4451,1.6731,6,721.39,3.62,2.81,premium
59,2,28,7820.58,279.31,0.3505,1.2588,4,0.0,1.48,2.75,premium
60,2,29,7410.32,255.53,0.2807,0.998,3,0.0,1.07,2.05,premium
61,3,18,5003.75,277.99,0.2519,1.3015,4,1564.16,3.65,4.21,premium
62,15,25,6974.17,278.97,0.2872,1.5933,5,1596.28,1.96,3.39,premium
63,17,18,4590.48,255.03,0.2644,1.399,5,736.18,2.88,2.83,premium
64,23,18,5080.72,282.26,0.3239,1.5051,5,154.37,3.71,3.79,premium
65,5,26,6725.69,258.68,0.3085,1.0382,3,0.0,1.88,3.15,premium
66,29,29,8105.52,279.5,0.2854,1.5494,5,965.34,1.46,3.94,premium
67,15,18,4642.14,257.9,0.3323,1.4594,5,0.0,2.59,3.02,premium
68,13,22,6231.21,283.24,0.2157,1.3017,4,1503.969,3.86,10.23,premium
69,18,23,6220.43,270.45,0.3281,1.5009,5,1543.25,3.05,6.81,premium
70,2,30,7551.37,251.71,0.3279,1.7254,6,3314.71,2.38,4.96,premium
71,26,12,3620.65,301.72,0.2951,1.0986,3,174.7107,14.36,20.69,premium
72,39,13,3710.97,285.46,0.2701,1.4181,5,387.333,7.75,9.83,premium
73,45,25,6245.4,249.82,0.3316,1.2653,4,0.0,1.67,2.39,premium
74,12,11,3266.59,296.96,0.155,1.4681,5,-31.375,5.8,5.2,premium
75,11,21,6451.69,307.22,0.2418,1.298,4,975.319,5.25,8.55,premium
76,17,19,5464.25,287.59,0.2668,0.6581,2,0.0,1.94,2.75,premium
77,30,27,7286.28,269.86,0.3049,1.5497,5,-655.315,2.12,3.44,premium
78,33,16,4577.5,286.09,0.259,1.6844,6,1037.032,6.73,15.93,premium
79,17,31,8548.6,275.76,0.357,1.5514,5,0.0,1.23,2.46,premium
80,21,19,5808.28,305.7,0.2881,1.6036,5,1252.77,3.56,5.73,premium
81,27,18,4684.83,260.27,0.2705,1.3801,4,263.703,3.88,3.16,premium
82,19,20,5180.58,259.03,0.3568,1.7228,6,1625.62,3.21,6.33,premium
83,9,32,9166.51,286.45,0.2626,1.3345,4,0.0,1.06,1.46,premium
84,17,21,6365.97,303.14,0.2316,1.0918,3,2608.015,3.1,8.79,premium
85,17,18,5024.63,279.15,0.2465,1.5418,5,1420.375,3.53,4.85,premium
86,25,25,7127.23,285.09,0.2903,1.6014,5,100.845,1.88,2.07,premium
87,4,33,10117.56,306.59,0.2104,1.5861,5,4137.645,2.59,7.12,premium
88,64,24,6922.15,288.42,0.2393,1.5236,5,0.0,2.39,4.77,premium
89,10,31,9534.89,307.58,0.289,1.5568,5,0.0,0.87,1.2,premium
90,18,24,6054.71,252.28,0.2978,1.2926,4,725.296,5.48,15.79,premium
91,7,22,5405.15,245.69,0.327,1.4399,5,1593.945,2.9,3.53,premium
92,6,29,8177.56,281.98,0.2838,1.2539,4,0.0,1.68,3.06,premium
93,31,18,5130.33,285.02,0.262,1.2488,4,0.0,3.47,4.37,premium
94,22,22,5279.94,240.0,0.3031,1.3448,4,691.906,4.52,10.87,premium
95,19,23,6964.42,302.8,0.3031,1.0967,3,1780.845,2.05,2.46,premium
96,15,19,5233.23,275.43,0.2991,1.2218,4,1229.215,3.0,4.21,premium
97,26,33,8993.54,272.53,0.3037,1.5779,5,2176.145,1.12,1.68,premium
98,30,22,5855.83,266.17,0.351,1.3654,4,-3.08,1.48,2.46,premium
99,3,33,9076.61,275.05,0.3322,1.5492,5,4276.525,2.34,8.85,premium
100,14,28,7560.57,270.02,0.2325,1.2676,4,2559.08,2.19,4.22,premium
101,7,16,4955.63,309.73,0.3039,1.4898,5,1304.085,5.53,6.56,premium
102,30,27,7502.54,277.87,0.2284,1.842,7,0.0,1.15,1.26,premium
103,17,26,6952.52,267.4,0.3062,1.3572,4,0.0,1.6,1.78,premium
104,2,30,8754.8,291.83,0.2895,1.0438,3,0.0,1.52,2.69,premium
105,23,30,8709.26,290.31,0.2659,1.3672,4,1966.505,1.69,3.55,premium
106,7,24,6532.09,272.17,0.263,1.2808,4,0.0,2.22,3.22,premium
107,32,27,8476.34,313.94,0.2686,1.4758,5,0.0,1.81,2.5,premium
108,14,21,6106.06,290.76,0.2355,1.3558,4,0.0,1.9,2.4,premium
109,30,23,7160.31,311.32,0.2277,1.5089,5,258.93,2.5,5.39,premium
110,3,31,8532.2,275.23,0.2641,1.2363,4,0.0,1.43,2.1,premium
111,2,20,5924.15,296.21,0.2551,1.415,5,0.0,3.0,2.87,premium
112,37,15,4195.32,279.69,0.2598,1.0606,3,439.453,8.5,11.63,premium
113,34,21,6546.45,311.74,0.2581,1.5432,5,2473.155,4.25,9.69,premium
114,2,23,6678.32,290.36,0.3052,1.4516,5,0.0,2.09,4.43,premium
115,9,25,6673.54,266.94,0.2738,1.2801,4,0.0,1.62,2.68,premium
116,23,22,6177.59,280.8,0.2265,1.3306,4,1002.04,2.71,5.7,premium
117,14,19,6316.83,332.46,0.2665,1.6036,5,1182.01,4.17,5.1,premium
118,27,19,6292.54,331.19,0.2997,1.5485,5,174.655,3.28,4.78,premium
119,61,38,10805.52,284.36,0.2365,1.3793,4,0.0,1.24,2.69,premium
120,53,30,8258.37,275.28,0.3233,1.8585,7,0.0,1.31,2.29,premium
121,70,10,659.78,65.98,0.6585,0.0,1,72.745,6.44,6.04,regular
122,68,10,757.16,75.72,0.3921,0.5004,2,138.295,9.0,14.65,regular
123,32,7,629.42,89.92,0.2459,0.0,1,159.525,10.83,5.74,regular
124,17,13,1058.63,81.43,0.3804,1.0123,3,65.965,6.5,5.52,regular
125,26,10,1004.19,100.42,0.348,1.0297,3,29.8642,25.89,51.93,regular
126,85,12,945.99,78.83,0.3649,0.0,1,-27.295,5.73,4.58,regular
127,50,10,820.39,82.04,0.367,0.6109,2,28.4755,26.56,35.35,regular
128,4,13,826.59,63.58,0.5082,0.9251,3,105.335,10.58,22.66,regular
129,67,10,904.23,90.42,0.34,1.0889,3,0.0,4.89,2.57,regular
130,67,7,562.17,80.31,0.4066,0.4101,2,88.801,14.83,13.79,regular
131,84,13,1129.18,86.86,0.4043,0.0,1,200.502,6.75,9.87,regular
132,55,5,449.49,89.9,0.2247,0.673,2,3.0327,72.0,47.12,regular
133,7,7,477.15,68.16,0.4445,1.0042,3,37.796,23.0,32.09,regular
134,3,14,992.42,70.89,0.539,1.0934,3,290.465,5.69,8.43,regular
135,30,6,442.86,73.81,0.1956,0.4506,2,18.88,23.8,25.87,regular
136,95,6,452.67,75.45,0.621,0.6931,2,47.237,18.0,14.65,regular
137,72,13,1204.16,92.63,0.2881,1.3061,4,127.422,9.83,12.83,regular
138,148,8,777.44,97.18,0.1657,0.9743,3,4.156,16.43,16.03,regular
139,61,14,1191.62,85.12,0.3604,0.0,1,138.015,10.38,11.84,regular
140,43,15,1323.24,88.22,0.2729,1.0852,3,345.7,5.5,9.94,regular
141,37,9,766.39,85.15,0.2811,0.9369,3,48.417,18.25,13.99,regular
142,86,10,633.9,63.39,0.4785,0.6931,2,9.3171,15.33,20.15,regular
143,68,8,767.81,95.98,0.1983,0.9003,3,33.769,16.29,18.29,regular
144,73,9,782.81,86.98,0.4489,0.9369,3,106.979,12.38,18.88,regular
145,25,6,543.92,90.65,0.4064,0.6931,2,5.3635,54.0,54.61,regular
146,68,9,758.35,84.26,0.5131,1.0609,3,57.182,17.88,36.08,regular
147,121,10,727.46,72.75,0.4761,0.673,2,-1.762,9.67,8.89,regular
148,29,8,634.96,79.37,0.4426,0.6616,2,-51.62,8.86,4.45,regular
149,32,12,1219.26,101.6,0.2791,1.0114,3,207.838,10.27,12.8,regular
150,101,12,1013.92,84.49,0.3188,0.6365,2,-8.96,7.09,6.16,regular
151,45,12,1028.79,85.73,0.2265,1.0282,3,60.1111,13.0,15.29,regular
152,19,14,1253.01,89.5,0.4001,0.6829,2,97.045,3.92,3.15,regular
153,48,10,734.6,73.46,0.4423,1.2799,4,55.135,7.67,7.87,regular
154,100,5,316.9,63.38,0.1545,1.0549,3,10.728,35.75,38.08,regular
155,112,9,628.05,69.78,0.3525,0.0,1,17.5084,35.5,43.49,regular
156,12,7,618.72,88.39,0.3597,0.5983,2,24.0093,31.5,36.23,regular
157,46,9,646.6,71.84,0.5877,1.0986,3,40.335,9.0,10.39,regular
158,97,10,869.38,86.94,0.3254,0.0,1,56.0817,19.22,21.75,regular
159,25,7,699.49,99.93,0.3727,1.079,3,-32.57,10.17,4.67,regular
160,92,7,598.24,85.46,0.3339,0.6829,2,30.5836,39.5,58.55,regular
161,31,12,949.22,79.1,0.2912,0.9596,3,119.646,9.09,9.98,regular
162,72,12,929.13,77.43,0.4884,1.0397,3,148.67,10.82,17.89,regular
163,75,14,1167.93,83.42,0.2905,0.0,1,135.285,9.54,16.83,regular
164,41,11,922.39,83.85,0.29,0.6555,2,182.025,5.7,5.42,regular
165,100,7,468.24,66.89,0.5132,0.4101,2,-30.125,13.33,5.32,regular
166,2,10,977.08,97.71,0.282,0.9433,3,0.0,4.89,5.46,regular
167,99,6,626.29,104.38,0.2729,0.6365,2,0.0,7.6,5.32,regular
168,60,13,1155.96,88.92,0.4241,1.3061,4,90.69,3.67,3.17,regular
169,91,9,716.7,79.63,0.4851,0.687,2,22.218,15.12,19.77,regular
170,77,12,898.41,74.87,0.3471,0.6931,2,7.23,6.45,6.2,regular
171,87,8,627.98,78.5,0.3676,1.2555,4,-13.939,16.57,13.88,regular
172,86,13,924.62,71.12,0.3746,1.0579,3,62.9629,11.58,23.59,regular
173,37,5,501.66,100.33,0.3181,0.673,2,28.668,22.0,22.11,regular
174,25,12,1014.38,84.53,0.3568,0.9184,3,58.621,9.27,14.87,regular
175,59,8,771.25,96.41,0.258,0.7356,3,34.185,13.43,15.22,regular
176,69,11,863.12,78.47,0.3827,1.0671,3,42.864,14.1,14.18,regular
177,42,6,520.53,86.76,0.4067,0.8676,3,157.16,10.0,7.48,regular
178,89,11,731.33,66.48,0.5607,0.6555,2,-3.757,8.1,7.36,regular
179,55,7,589.2,84.17,0.3942,0.6829,2,62.833,16.5,17.46,regular
180,61,9,633.08,70.34,0.4449,0.687,2,94.38,13.25,12.54,regular
181,10,9,782.69,86.97,0.2813,0.5297,2,86.082,15.62,25.76,regular
182,57,11,1044.72,94.97,0.3088,0.0,1,38.726,10.0,16.17,regular
183,72,7,554.05,79.15,0.4316,0.9557,3,45.26,19.5,19.25,regular
184,77,12,1162.7,96.89,0.4138,1.2861,4,-29.088,9.64,11.06,regular
185,98,9,691.91,76.88,0.4496,0.995,3,129.87,7.38,6.82,regular
186,55,15,1166.85,77.79,0.404,0.6365,2,73.787,5.86,5.17,regular
187,70,14,1151.58,82.26,0.2978,1.0346,3,0.0,2.62,2.26,regular
188,91,9,787.64,87.52,0.2535,0.0,1,25.743,15.12,18.09,regular
189,54,7,626.2,89.46,0.3697,0.9557,3,28.8496,30.17,39.3,regular
190,101,12,913.18,76.1,0.3791,0.9596,3,172.912,8.18,13.63,regular
191,109,7,598.37,85.48,0.2806,0.6829,2,-7.604,22.17,32.65,regular
192,31,17,1583.33,93.14,0.269,1.3197,4,0.0,2.5,3.46,regular
193,53,10,926.29,92.63,0.2537,1.0297,3,51.9289,14.89,28.21,regular
194,96,8,660.26,82.53,0.2378,1.0397,3,85.666,15.0,14.38,regular
195,71,8,782.45,97.81,0.2188,0.9003,3,-25.126,19.86,11.74,regular
196,2,14,1149.91,82.14,0.4045,0.0,1,342.76,6.38,9.25,regular
197,33,9,818.73,90.97,0.3062,0.6365,2,0.0,6.5,6.19,regular
198,28,7,570.34,81.48,0.2113,0.6829,2,-2.6,9.83,15.38,regular
199,31,13,1209.97,93.07,0.276,0.6902,2,533.945,5.75,7.85,regular
200,58,11,923.55,83.96,0.2922,0.689,2,64.474,11.9,17.17,regular
201,77,12,1096.95,91.41,0.403,1.0397,3,132.721,9.45,8.0,regular
202,50,7,620.06,88.58,0.3379,1.277,4,29.9168,31.17,43.88,regular
203,48,9,934.28,103.81,0.1676,1.0609,3,63.8396,22.38,47.32,regular
204,121,9,750.93,83.44,0.5448,1.0609,3,80.591,8.62,8.03,regular
205,54,11,851.14,77.38,0.4377,1.0362,3,73.984,8.9,12.15,regular
206,3,9,843.39,93.71,0.26,0.6365,2,0.0,7.12,6.47,regular
207,70,10,786.44,78.64,0.4621,0.6931,2,49.049,13.0,12.85,regular
208,27,9,673.22,74.8,0.3395,1.3108,4,22.0875,22.88,29.78,regular
209,60,11,853.59,77.6,0.3437,0.9165,3,-129.97,5.2,5.49,regular
210,20,10,912.03,91.2,0.2306,0.673,2,20.061,9.56,10.21,regular
211,106,4,396.6,99.15,0.2128,0.0,1,0.8548,110.33,102.67,regular
212,57,10,851.67,85.17,0.4989,0.6931,2,28.7934,17.11,17.19,regular
213,58,6,490.07,81.68,0.3969,0.6931,2,9.4576,53.8,80.11,regular
214,70,6,541.57,90.26,0.2766,0.6365,2,85.621,17.6,23.63,regular
215,58,6,473.98,79.0,0.3943,0.0,1,5.5512,53.8,57.16,regular
216,25,7,509.3,72.76,0.3277,0.0,1,-4.024,18.67,16.9,regular
217,109,8,644.71,80.59,0.4944,1.3209,4,-69.965,7.86,9.23,regular
218,51,12,1128.3,94.02,0.3305,1.3086,4,15.65,4.27,3.32,regular
219,28,13,917.32,70.56,0.3917,1.0734,3,30.948,5.75,6.31,regular
220,97,7,590.37,84.34,0.3633,0.9557,3,99.533,17.33,20.93,regular
221,52,10,898.88,89.89,0.328,1.0549,3,35.325,6.22,7.82,regular
222,77,11,850.64,77.33,0.249,0.689,2,156.762,7.9,11.7,regular
223,41,11,927.1,84.28,0.2878,1.373,4,198.905,5.2,6.21,regular
224,56,17,1367.3,80.43,0.5145,1.4788,5,131.759,7.19,11.61,regular
225,30,9,972.89,108.1,0.2738,0.0,1,54.9083,15.38,23.18,regular
226,106,7,616.09,88.01,0.5026,0.9557,3,97.135,11.33,9.2,regular
227,65,13,1106.5,85.12,0.2486,0.6902,2,441.575,4.92,5.79,regular
228,17,14,1280.45,91.46,0.2434,0.6829,2,156.915,5.0,5.55,regular
229,84,8,648.9,81.11,0.4485,0.6616,2,79.608,12.29,6.65,regular
230,67,11,892.39,81.13,0.4459,0.9949,3,297.235,8.0,13.47,regular
231,31,11,976.35,88.76,0.36,1.0901,3,143.497,12.0,15.11,regular
232,70,5,360.62,72.12,0.3938,0.0,1,19.29,14.75,20.27,regular
233,56,15,1323.37,88.22,0.3792,0.673,2,-13.285,4.29,5.31,regular
234,95,11,815.15,74.1,0.3825,0.6555,2,172.227,10.9,20.32,regular
235,62,6,354.01,59.0,0.4675,0.6931,2,40.216,30.0,33.13,regular
236,62,13,979.48,75.34,0.344,0.6902,2,192.588,9.67,18.53,regular
237,52,7,618.8,88.4,0.2232,1.0042,3,3.005,10.33,9.63,regular
238,84,12,998.25,83.19,0.3232,0.0,1,51.569,7.64,4.41,regular
239,41,7,729.08,104.15,0.2772,0.9557,3,-2.747,19.5,19.88,regular
240,54,11,953.62,86.69,0.3491,0.6555,2,70.31,7.7,8.15,regular
241,79,15,1113.46,74.23,0.4214,1.0438,3,290.435,3.79,5.48,regular
242,2,9,684.9,76.1,0.3703,1.0609,3,38.855,24.12,36.5,regular
243,97,12,794.72,66.23,0.4326,0.0,1,167.135,7.09,7.62,regular
244,89,9,864.81,96.09,0.3436,0.0,1,27.847,9.38,10.38,regular
245,163,5,418.95,83.79,0.4545,0.0,1,-0.347,56.25,57.38,regular
246,104,3,338.07,112.69,0.233,0.0,1,2.8587,138.5,178.9,regular
247,61,5,411.17,82.23,0.2936,1.0549,3,69.401,24.75,27.15,regular
248,154,8,595.44,74.43,0.4986,1.0822,3,0.0,4.0,2.08,regular
249,22,8,483.34,60.42,0.7382,0.9743,3,2.1057,39.0,55.25,regular
250,96,7,606.39,86.63,0.2435,1.277,4,26.8307,31.83,42.58,regular
251,39,2,169.73,84.86,0.1884,0.6931,2,0.0,16.0,0.0,regular
252,69,9,771.95,85.77,0.3208,1.0609,3,96.076,15.25,21.93,regular
253,25,11,903.77,82.16,0.3167,0.586,2,-28.409,8.6,10.2,regular
254,26,10,885.01,88.5,0.356,1.0297,3,17.072,11.89,12.84,regular
255,79,8,759.89,94.99,0.4606,0.9743,3,90.005,11.71,11.04,regular
256,94,8,859.12,107.39,0.2789,1.0822,3,62.946,16.71,11.15,regular
257,52,14,1148.9,82.06,0.3191,1.0609,3,126.822,6.69,9.58,regular
258,69,14,1145.25,81.8,0.2095,1.2326,4,0.0,3.62,3.62,regular
259,23,12,1005.28,83.77,0.3167,1.1988,4,153.1,5.45,9.05,regular
260,64,11,957.85,87.08,0.2882,0.9165,3,229.505,6.6,6.57,regular
261,20,12,949.09,79.09,0.4681,0.9596,3,169.649,7.55,13.12,regular
262,88,12,1021.92,85.16,0.312,0.5623,2,-40.292,8.0,8.47,regular
263,28,15,1363.67,90.91,0.3388,0.6909,2,-251.575,4.5,3.32,regular
264,36,13,1142.77,87.91,0.3851,0.6902,2,254.585,6.75,8.62,regular
265,60,8,565.9,70.74,0.2738,1.0397,3,-3.586,10.86,7.31,regular
266,88,10,666.7,66.67,0.3271,0.673,2,26.306,8.78,7.19,regular
267,40,11,907.95,82.54,0.3586,0.689,2,30.801,9.0,6.06,regular
268,55,14,872.73,62.34,0.3982,0.0,1,134.81,3.46,4.88,regular
269,62,12,894.21,74.52,0.3276,0.6792,2,41.1353,25.09,64.46,regular
270,27,11,882.53,80.23,0.4966,0.689,2,32.988,9.8,10.73,regular
271,43,15,1251.15,83.41,0.3932,0.5799,2,188.417,5.71,6.4,regular
272,49,9,827.97,92.0,0.4125,0.6365,2,22.7463,26.12,31.06,regular
273,62,14,1295.45,92.53,0.3155,1.3337,4,0.0,4.15,5.08,regular
274,4,14,1241.78,88.7,0.272,0.5196,2,267.628,8.46,13.38,regular
275,25,8,567.46,70.93,0.3022,0.9003,3,0.0,4.86,4.18,regular
276,50,10,927.81,92.78,0.4339,0.673,2,103.091,10.11,7.46,regular
277,109,10,822.33,82.23,0.3028,0.0,1,43.766,14.44,13.83,regular
278,58,15,1289.8,85.99,0.4276,0.5799,2,76.725,4.14,6.04,regular
279,84,7,620.66,88.67,0.4267,0.9557,3,-137.95,10.33,8.57,regular
280,11,7,470.81,67.26,0.4358,0.6829,2,15.695,18.67,13.23,regular
281,62,10,849.11,84.91,0.427,1.0889,3,315.23,6.67,8.4,regular
282,66,10,848.04,84.8,0.4751,0.0,1,67.984,11.22,9.31,regular
283,54,10,954.48,95.45,0.3695,0.673,2,30.4538,34.44,83.67,regular
284,81,12,1024.51,85.38,0.3397,0.8676,3,87.109,6.91,5.74,regular
285,93,15,1186.39,79.09,0.3317,0.673,2,0.0,2.5,2.59,regular
286,15,9,813.59,90.4,0.2389,0.5297,2,16.058,15.38,13.08,regular
287,85,14,1167.67,83.4,0.5027,1.171,4,39.261,6.31,5.11,regular
288,105,9,646.23,71.8,0.3291,0.6365,2,39.623,12.75,13.48,regular
289,83,10,945.66,94.57,0.3754,1.4708,5,77.674,9.44,9.62,regular
290,70,6,492.95,82.16,0.4951,0.6365,2,18.1809,31.6,39.55,regular
291,42,13,1090.38,83.88,0.3665,1.0734,3,197.904,8.33,18.02,regular
292,79,5,266.99,53.4,0.4099,0.0,1,11.5343,44.25,26.55,regular
293,66,10,930.72,93.07,0.3239,0.6109,2,88.1303,16.67,30.31,regular
294,108,11,916.35,83.3,0.3446,0.9165,3,273.93,4.7,7.33,regular
295,74,8,714.24,89.28,0.4181,0.0,1,37.8543,24.71,31.36,regular
296,32,3,179.91,59.97,0.4426,0.6365,2,4.9599,109.0,80.61,regular
297,16,7,696.87,99.55,0.2649,1.079,3,39.8214,26.17,33.89,regular
298,106,6,550.58,91.76,0.2475,0.6365,2,31.191,25.8,27.95,regular
299,44,14,1211.35,86.52,0.3824,0.0,1,95.992,9.46,10.24,regular
300,29,12,1049.69,87.47,0.3467,0.6365,2,-4.805,8.18,9.2,regular
301,55,10,808.47,80.85,0.4451,0.6109,2,50.293,13.22,17.56,regular
302,116,9,741.49,82.39,0.4769,0.687,2,62.545,10.25,12.65,regular
303,98,9,855.1,95.01,0.2755,0.687,2,264.66,8.62,6.07,regular
304,89,6,580.54,96.76,0.3693,0.6365,2,10.7874,27.4,26.89,regular
305,41,12,1089.4,90.78,0.3829,0.6792,2,243.815,6.91,10.4,regular
306,88,9,828.79,92.09,0.2984,0.687,2,0.0,4.0,5.78,regular
307,112,8,714.81,89.35,0.4259,0.6616,2,54.7049,19.86,27.15,regular
308,72,13,1127.49,86.73,0.4808,1.0734,3,0.0,3.58,4.23,regular
309,87,8,732.17,91.52,0.4148,1.0822,3,0.0,4.43,4.65,regular
310,73,12,1024.77,85.4,0.2723,1.0776,3,208.945,7.18,13.34,regular
311,39,6,446.6,74.43,0.3396,0.6931,2,28.6629,33.0,56.52,regular
312,111,10,910.57,91.06,0.3437,0.6109,2,-13.759,10.89,8.51,regular
313,70,12,1150.96,95.91,0.2778,0.8877,3,302.36,5.18,4.58,regular
314,67,9,748.75,83.19,0.4508,0.0,1,32.228,27.75,42.88,regular
315,42,7,666.91,95.27,0.411,1.0042,3,25.6192,40.17,63.34,regular
316,91,9,567.7,63.08,0.4498,0.8487,3,-9.208,9.25,5.8,regular
317,34,12,1043.27,86.94,0.3471,0.0,1,173.727,10.55,11.3,regular
318,82,13,1055.79,81.21,0.3931,0.6902,2,86.28,5.25,6.57,regular
319,104,10,941.06,94.11,0.475,0.673,2,45.971,12.67,13.48,regular
320,105,13,1123.3,86.41,0.3306,0.0,1,80.6566,13.0,19.37,regular
321,102,7,646.2,92.31,0.4541,0.6829,2,95.684,16.17,25.15,regular
322,39,15,1325.3,88.35,0.3234,1.0438,3,226.725,5.5,5.91,regular
323,91,10,784.13,78.41,0.3298,0.0,1,26.924,11.78,13.27,regular
324,102,5,330.45,66.09,0.4179,0.9503,3,12.8563,63.25,103.6,regular
325,141,3,274.49,91.5,0.5166,0.6365,2,34.045,35.5,9.19,regular
326,93,6,520.07,86.68,0.3468,1.0986,3,-42.765,16.4,13.97,regular
327,46,7,745.55,106.51,0.302,0.6829,2,55.423,20.5,22.46,regular
328,17,14,1024.84,73.2,0.4235,0.6931,2,122.281,8.62,13.54,regular
329,61,13,1145.42,88.11,0.3991,0.6902,2,166.765,7.42,4.7,regular
330,26,11,1069.19,97.2,0.2197,1.2637,4,39.7154,18.9,27.85,regular
331,50,8,779.19,97.4,0.4383,0.6616,2,120.127,13.0,19.52,regular
332,75,8,558.66,69.83,0.488,0.9003,3,50.655,11.0,16.21,regular
333,49,10,914.22,91.42,0.2042,1.2799,4,97.88,8.67,8.83,regular
334,59,12,948.55,79.05,0.4351,1.3086,4,-53.415,5.55,6.85,regular
335,51,11,1059.21,96.29,0.2643,0.586,2,4.797,7.3,6.0,regular
336,60,11,950.18,86.38,0.2482,1.2637,4,71.979,10.5,14.31,regular
337,79,9,1007.45,111.94,0.191,1.0609,3,131.665,8.5,10.45,regular
338,55,7,386.31,55.19,0.5595,0.6829,2,25.216,18.33,12.11,regular
339,56,13,1137.55,87.5,0.268,1.3322,4,60.814,9.58,8.95,regular
340,33,11,868.51,78.96,0.3832,1.0362,3,230.03,8.3,9.8,regular
341,48,10,813.0,81.3,0.2789,0.6109,2,0.0,3.89,3.22,regular
342,87,7,697.14,99.59,0.1497,0.0,1,6.236,13.33,6.92,regular
343,74,9,708.22,78.69,0.414,1.0609,3,107.315,9.25,9.95,regular
344,40,17,1450.52,85.32,0.3092,0.5456,2,315.306,6.19,12.42,regular
345,26,14,1153.05,82.36,0.2774,0.6518,2,0.0,2.54,2.57,regular
346,121,6,599.5,99.92,0.2538,0.0,1,-17.922,17.4,12.88,regular
347,110,5,303.9,60.78,0.378,0.673,2,8.87,49.5,51.35,regular
348,35,9,695.88,77.32,0.2885,0.687,2,70.425,15.12,17.43,regular
349,28,10,905.46,90.55,0.3921,1.0297,3,-4.335,5.22,6.24,regular
350,5,13,1111.86,85.53,0.3861,0.9251,3,0.0,3.42,3.4,regular
351,50,15,1162.47,77.5,0.4773,1.0438,3,123.481,7.93,14.2,regular
352,97,7,592.94,84.71,0.2902,1.079,3,50.4274,27.0,38.23,regular
353,118,14,1208.47,86.32,0.2798,0.0,1,105.885,4.15,8.32,regular
354,59,12,955.01,79.58,0.312,1.265,4,72.86,10.91,20.7,regular
355,143,3,209.54,69.85,0.4577,0.0,1,0.0,16.5,23.33,regular
356,55,8,732.7,91.59,0.4766,1.0822,3,35.856,18.0,21.1,regular
357,61,13,1197.43,92.11,0.307,1.2659,4,161.452,11.5,19.17,regular
358,66,15,1229.61,81.97,0.2854,1.0549,3,176.17,5.07,3.97,regular
359,35,15,1220.31,81.35,0.3932,1.5868,5,0.0,3.64,3.89,regular
360,120,11,895.17,81.38,0.3278,0.9165,3,9.993,7.6,6.52,regular
361,62,12,963.1,80.26,0.3235,1.1187,4,0.0,3.09,2.59,regular
362,44,6,595.41,99.24,0.2679,1.0114,3,10.7792,43.4,39.29,regular
363,79,8,742.8,92.85,0.2764,0.3768,2,65.477,15.29,23.75,regular
364,46,8,709.21,88.65,0.3638,0.9743,3,6.3951,19.71,16.16,regular
365,135,12,967.04,80.59,0.3006,0.6931,2,56.9407,17.0,30.74,regular
366,117,10,895.43,89.54,0.3872,1.0549,3,18.334,12.33,11.27,regular
367,57,8,713.37,89.17,0.2838,0.5623,2,-174.93,8.86,14.7,regular
368,527,1,90.49,90.49,,0.0,1,0.0,527.0,0.0,regular
369,37,6,502.9,83.82,0.307,0.6365,2,9.034,20.6,16.95,regular
370,101,10,924.53,92.45,0.3355,1.0297,3,54.1729,18.11,21.32,regular
371,55,9,775.14,86.13,0.5011,0.995,3,37.614,14.38,8.12,regular
372,82,6,672.71,112.12,0.3297,1.2425,4,18.7865,42.4,52.9,regular
373,65,5,520.1,104.02,0.1279,1.3322,4,0.0,12.5,6.56,regular
374,87,7,692.68,98.95,0.3228,0.5983,2,-6.667,17.33,20.88,regular
375,83,12,1098.02,91.5,0.33,1.0776,3,92.689,11.18,13.02,regular
376,36,11,831.07,75.55,0.2519,0.689,2,172.505,5.8,6.18,regular
377,69,6,553.45,92.24,0.3049,0.6931,2,164.115,12.6,12.93,regular
378,83,10,852.42,85.24,0.4385,1.0297,3,72.527,11.89,16.99,regular
379,7,10,709.12,70.91,0.3897,0.673,2,201.45,6.0,6.18,regular
380,109,6,480.29,80.05,0.2318,0.8676,3,10.0107,34.4,33.52,regular
381,41,7,760.71,108.67,0.1859,0.4101,2,78.683,22.67,31.73,regular
382,35,12,1090.99,90.92,0.2186,1.0986,3,359.345,5.18,6.75,regular
383,13,8,786.98,98.37,0.1406,0.9743,3,42.147,15.86,25.22,regular
384,66,7,646.4,92.34,0.2895,0.4101,2,18.9028,41.5,51.02,regular
385,31,16,1335.42,83.46,0.3343,1.0948,3,0.0,3.47,3.52,regular
386,59,9,800.95,88.99,0.3142,0.9369,3,28.2218,25.5,32.59,regular
387,102,7,534.56,76.37,0.3181,0.7963,3,-11.436,14.33,16.92,regular
388,69,7,523.84,74.83,0.5935,0.0,1,39.996,19.17,17.79,regular
389,95,9,772.25,85.81,0.2789,0.687,2,176.79,7.25,8.33,regular
390,55,11,1018.52,92.59,0.3719,0.86,3,29.2949,15.1,13.99,regular
391,74,13,936.14,72.01,0.3625,1.0579,3,47.922,8.0,7.75,regular
392,65,8,671.37,83.92,0.2891,0.9743,3,82.56,19.29,29.81,regular
393,140,7,640.04,91.43,0.189,1.079,3,16.5711,28.5,33.4,regular
394,118,9,929.79,103.31,0.2192,0.6365,2,-51.351,10.25,10.18,regular
395,81,7,531.68,75.95,0.3195,0.9557,3,80.654,12.67,10.35,regular
396,92,9,753.19,83.69,0.3626,0.6365,2,162.389,12.88,19.91,regular
397,43,11,993.83,90.35,0.1309,0.689,2,69.009,7.9,6.12,regular
398,74,9,920.88,102.32,0.2513,1.0609,3,46.5468,22.62,28.46,regular
399,98,9,893.06,99.23,0.2333,0.0,1,358.78,7.88,15.63,regular
400,29,7,543.15,77.59,0.2765,0.5983,2,4.2654,23.17,31.42,regular
401,68,12,977.93,81.49,0.3722,0.0,1,372.195,6.18,11.2,regular
402,79,10,956.6,95.66,0.3232,0.6109,2,109.413,13.33,16.48,regular
403,19,7,672.69,96.1,0.2407,0.0,1,8.9236,30.33,20.54,regular
404,72,9,744.61,82.73,0.2745,0.687,2,89.639,14.88,18.01,regular
405,9,10,725.25,72.53,0.4184,1.2799,4,79.133,15.67,21.92,regular
406,35,6,565.56,94.26,0.0549,1.0986,3,48.875,13.2,9.52,regular
407,79,8,665.66,83.21,0.4082,1.0822,3,21.755,7.29,6.68,regular
408,169,4,332.14,83.04,0.2852,0.0,1,2.9214,132.33,172.36,regular
409,92,12,1007.59,83.97,0.1626,0.6931,2,128.729,10.45,8.54,regular
410,64,18,1631.12,90.62,0.2468,1.0609,3,327.146,7.0,13.42,regular
411,87,9,644.14,71.57,0.5377,0.0,1,45.984,11.62,15.55,regular
412,55,8,745.03,93.13,0.2475,0.0,1,55.66,15.71,15.49,regular
413,82,6,350.47,58.41,0.4635,0.6365,2,19.189,22.2,11.73,regular
414,77,11,1111.8,101.07,0.2825,0.6555,2,52.7692,23.3,48.16,regular
415,85,4,394.05,98.51,0.3019,0.0,1,4.4254,55.67,44.64,regular
416,39,9,671.96,74.66,0.2581,0.6365,2,15.1059,34.12,61.98,regular
417,75,12,1111.49,92.62,0.3551,0.6931,2,96.8,6.27,5.48,regular
418,34,12,973.91,81.16,0.5311,1.2861,4,376.055,6.45,9.04,regular
419,114,13,1084.42,83.42,0.2725,0.6902,2,29.885,4.92,3.6,regular
420,87,9,617.33,68.59,0.4539,1.0986,3,0.0,4.0,3.46,regular
421,90,13,953.23,73.33,0.3245,0.6172,2,93.409,7.17,11.49,regular
422,89,15,1219.24,81.28,0.3417,1.3095,4,120.135,3.64,4.77,regular
423,92,9,747.6,83.07,0.4303,0.0,1,74.522,14.25,11.88,regular
424,76,16,1240.71,77.54,0.3553,0.6211,2,259.775,3.53,3.56,regular
425,72,11,948.15,86.2,0.3198,0.689,2,144.34,7.5,6.64,regular
426,9,17,1515.66,89.16,0.2819,1.0551,3,223.592,7.44,13.76,regular
427,51,9,560.25,62.25,0.5094,0.6365,2,-16.36,6.88,4.85,regular
428,87,10,869.84,86.98,0.4801,0.6109,2,25.3888,30.44,67.08,regular
429,67,8,622.19,77.77,0.4814,0.5623,2,0.0,7.43,8.92,regular
430,72,14,1228.31,87.74,0.3062,1.0346,3,205.299,7.62,8.07,regular
431,50,6,450.24,75.04,0.3276,1.3297,4,16.63,19.0,25.03,regular
432,55,12,1072.82,89.4,0.3608,0.6931,2,91.344,10.82,16.09,regular
433,49,7,643.32,91.9,0.3373,0.0,1,14.0834,23.0,22.97,regular
434,51,8,639.1,79.89,0.394,1.3209,4,10.794,18.86,15.85,regular
435,44,12,969.73,80.81,0.2745,0.6931,2,30.57,6.18,3.43,regular
436,77,9,753.84,83.76,0.347,0.687,2,81.264,10.88,12.4,regular
437,55,13,902.47,69.42,0.2422,0.6663,2,80.467,6.33,6.91,regular
438,55,12,998.24,83.19,0.5666,1.0114,3,27.908,7.27,10.52,regular
439,92,8,853.9,106.74,0.1678,0.5623,2,74.609,21.57,25.29,regular
440,54,12,1052.24,87.69,0.3322,0.6365,2,-85.115,5.18,4.75,regular
441,23,8,576.83,72.1,0.4809,0.6931,2,-0.1877,21.71,19.83,regular
442,70,3,252.5,84.17,0.886,0.6365,2,-7.7709,150.0,189.5,regular
443,36,14,1364.7,97.48,0.2711,1.0346,3,395.66,5.69,8.69,regular
444,73,9,606.34,67.37,0.5037,1.0609,3,66.202,13.12,17.25,regular
445,35,11,953.32,86.67,0.3752,1.0671,3,257.255,6.9,6.9,regular
446,51,9,622.38,69.15,0.4297,0.5297,2,50.096,14.5,18.07,regular
447,72,9,636.56,70.73,0.5554,1.3108,4,27.3745,30.0,44.82,regular
448,37,11,847.45,77.04,0.4813,0.689,2,165.645,7.5,5.74,regular
449,114,5,487.03,97.41,0.2927,0.9503,3,21.9511,40.75,46.46,regular
450,68,12,966.4,80.53,0.3027,1.0114,3,0.0,4.64,4.84,regular
451,73,11,949.69,86.34,0.3017,1.0901,3,156.053,10.3,13.05,regular
452,61,8,725.1,90.64,0.3388,0.9003,3,33.968,16.86,9.28,regular
453,101,8,782.52,97.82,0.3192,0.5623,2,12.345,32.14,21.81,regular
454,54,10,819.33,81.93,0.3701,0.6931,2,53.972,12.67,13.69,regular
455,69,8,631.15,78.89,0.4729,0.0,1,89.505,18.86,20.11,regular
456,75,10,880.62,88.06,0.2626,1.0549,3,36.7268,19.22,27.28,regular
457,84,12,982.26,81.86,0.4418,0.0,1,55.5971,14.0,21.59,regular
458,23,16,1335.92,83.5,0.3691,0.9471,3,74.325,2.8,2.27,regular
459,65,8,775.36,96.92,0.227,0.0,1,81.64,15.14,12.93,regular
460,78,9,675.57,75.06,0.375,0.8487,3,118.517,12.62,19.26,regular
461,110,12,977.61,81.47,0.4088,1.0776,3,81.225,4.91,4.76,regular
462,20,6,564.33,94.06,0.1962,1.0114,3,-190.795,12.6,19.42,regular
463,49,11,1012.03,92.0,0.2735,0.6555,2,-95.09,5.3,9.55,regular
464,80,10,980.55,98.06,0.2333,1.0549,3,177.915,8.67,10.93,regular
465,29,6,552.07,92.01,0.365,0.6365,2,13.6,21.4,22.23,regular
466,55,12,984.21,82.02,0.2794,0.9596,3,10.24,10.82,8.4,regular
467,21,10,922.4,92.24,0.2539,0.0,1,93.62,6.33,5.85,regular
468,89,13,1139.76,87.67,0.2423,1.0579,3,96.052,7.83,10.24,regular
469,41,12,1156.82,96.4,0.2844,1.0114,3,152.365,10.36,17.33,regular
470,73,8,729.55,91.19,0.3927,0.6931,2,0.0,6.71,8.79,regular
471,47,13,1177.0,90.54,0.3211,1.0928,3,51.605,9.08,8.86,regular
472,63,10,960.85,96.08,0.3516,1.0297,3,69.521,16.67,15.36,regular
473,137,3,212.37,70.79,0.2501,0.6365,2,-3.645,39.5,0.71,regular
474,86,10,835.33,83.53,0.4538,0.9433,3,91.705,7.89,8.02,regular
475,91,2,168.09,84.04,0.477,0.6931,2,-6.0739,167.0,0.0,regular
476,33,15,1111.29,74.09,0.464,0.673,2,398.38,5.36,8.31,regular
477,54,8,853.6,106.7,0.2698,0.9743,3,40.109,15.86,14.18,regular
478,14,11,894.0,81.27,0.2752,0.689,2,45.9297,25.2,45.23,regular
479,67,15,1246.69,83.11,0.4668,1.0438,3,110.621,8.43,12.92,regular
480,28,11,1014.8,92.25,0.2874,0.0,1,45.558,7.6,8.06,regular
481,97,6,722.83,120.47,0.1411,1.3297,4,104.54,12.0,13.29,regular
482,162,6,483.07,80.51,0.4407,1.0114,3,56.495,13.0,11.92,regular
483,9,12,1047.5,87.29,0.4082,0.0,1,149.762,8.91,15.04,regular
484,82,11,987.73,89.79,0.3317,0.689,2,53.282,12.3,19.91,regular
485,57,12,952.29,79.36,0.3196,0.6792,2,45.837,5.91,7.93,regular
486,55,17,1223.19,71.95,0.3569,1.0734,3,260.375,3.88,6.79,regular
487,84,5,471.37,94.27,0.1627,0.0,1,14.155,45.25,41.36,regular
488,62,10,901.17,90.12,0.3393,0.8979,3,328.67,7.89,12.85,regular
489,79,7,536.98,76.71,0.5406,0.6829,2,63.816,18.5,24.29,regular
490,37,9,932.12,103.57,0.2962,0.8487,3,52.0914,20.12,40.58,regular
491,100,14,1144.32,81.74,0.3754,0.0,1,187.234,6.92,7.32,regular
492,52,11,891.1,81.01,0.3312,1.2637,4,95.668,8.0,6.39,regular
493,60,5,254.6,50.92,0.7801,0.0,1,11.8163,57.25,66.64,regular
494,48,6,407.53,67.92,0.3099,0.4506,2,-1.3827,44.6,38.12,regular
495,17,8,733.87,91.73,0.1979,0.6616,2,72.505,9.71,8.77,regular
496,114,9,802.62,89.18,0.3111,1.3108,4,49.9703,16.5,31.22,regular
497,79,12,1119.81,93.32,0.2557,0.0,1,88.894,10.09,13.03,regular
498,85,11,893.09,81.19,0.4014,0.4741,2,39.727,12.0,9.79,regular
499,80,8,772.19,96.52,0.1761,0.5623,2,2.514,16.14,11.42,regular
500,61,10,839.95,84.0,0.3668,1.2799,4,78.665,11.89,7.41,regular
501,97,7,222.7,31.81,0.4756,0.6829,2,13.1152,35.17,71.12,economy
502,73,5,200.75,40.15,0.3687,0.0,1,31.65,18.5,23.27,economy
503,114,8,352.64,44.08,0.2049,1.3863,5,25.0243,26.86,65.37,economy
504,196,5,197.15,39.43,0.127,0.0,1,2.2455,95.75,122.51,economy
505,196,4,99.64,24.91,0.1816,0.0,1,-1.2343,66.67,69.51,economy
506,95,8,266.72,33.34,0.3686,1.0822,3,76.565,8.57,11.44,economy
507,131,4,187.4,46.85,0.2267,0.5623,2,4.9655,89.67,102.49,economy
508,126,6,200.23,33.37,0.3954,0.0,1,10.065,16.2,12.5,economy
509,191,5,168.22,33.64,0.313,0.0,1,-4.493,33.75,11.53,economy
510,124,3,121.53,40.51,0.4384,0.0,1,1.7337,135.0,94.75,economy
511,141,6,195.97,32.66,0.4502,1.0986,3,33.955,19.8,27.2,economy
512,174,4,108.77,27.19,0.1187,0.0,1,-3.465,21.33,23.97,economy
513,222,3,141.29,47.1,0.341,0.0,1,-0.223,62.5,44.55,economy
514,410,2,97.82,48.91,0.1712,0.0,1,0.1287,681.0,0.0,economy
515,161,5,157.72,31.54,0.3282,0.0,1,12.868,21.0,19.03,economy
516,156,6,173.61,28.94,0.4513,0.0,1,27.402,28.2,53.05,economy
517,222,2,64.08,32.04,1.0823,0.0,1,-2.6749,270.0,0.0,economy
518,100,7,247.14,35.31,0.2354,0.0,1,20.9783,26.33,37.01,economy
519,159,3,91.72,30.57,0.3697,0.0,1,9.94,48.5,28.99,economy
520,111,7,221.37,31.62,0.365,0.0,1,8.7283,26.33,33.95,economy
521,160,5,149.81,29.96,0.3988,0.0,1,2.0381,83.75,101.45,economy
522,152,7,222.7,31.81,0.4738,0.6829,2,-5.055,9.33,10.23,economy
523,110,4,185.47,46.37,0.5165,1.0397,3,2.7854,87.33,41.02,economy
524,169,4,210.65,52.66,0.3064,0.0,1,-4.705,28.67,22.85,economy
525,168,7,266.75,38.11,0.5871,0.6829,2,22.296,19.83,19.16,economy
526,245,4,128.06,32.02,0.2323,0.0,1,-3.64,31.33,19.66,economy
527,155,3,116.09,38.7,0.212,0.6365,2,-0.0468,99.5,37.48,economy
528,305,1,5.0,5.0,,0.0,1,0.0,305.0,0.0,economy
529,133,7,292.46,41.78,0.3112,0.6829,2,-6.525,21.17,21.23,economy
530,44,8,267.21,33.4,0.4228,0.6616,2,31.819,15.57,16.17,economy
531,137,3,76.33,25.44,0.4385,0.6365,2,2.2261,95.0,43.84,economy
532,571,1,30.26,30.26,,0.0,1,0.0,571.0,0.0,economy
533,131,5,130.44,26.09,0.2438,0.0,1,1.7583,36.0,36.4,economy
534,169,4,224.93,56.23,0.2143,0.0,1,-0.8577,85.33,36.5,economy
535,232,2,101.58,50.79,0.1804,0.6931,2,0.0,37.0,0.0,economy
536,177,8,319.04,39.88,0.3385,0.6616,2,-14.298,11.43,11.06,economy
537,178,3,108.22,36.07,0.4242,0.6365,2,-11.608,38.5,24.75,economy
538,152,5,129.33,25.87,0.5294,0.9503,3,5.295,61.0,81.12,economy
539,180,5,203.2,40.64,0.2413,0.673,2,8.7029,32.0,37.21,economy
540,229,2,61.81,30.9,0.5352,0.0,1,2.5061,188.0,0.0,economy
541,152,8,312.67,39.08,0.4873,0.6616,2,0.6443,23.0,14.85,economy
542,174,5,194.71,38.94,0.3539,0.673,2,-6.365,19.25,20.06,economy
543,158,7,284.34,40.62,0.3789,0.0,1,35.644,18.17,20.27,economy
544,125,4,172.57,43.14,0.1751,1.0397,3,-6.9086,67.33,54.04,economy
545,41,9,382.37,42.49,0.3494,1.0609,3,0.0,4.25,3.73,economy
546,148,7,248.11,35.44,0.1965,0.0,1,-15.345,9.17,6.08,economy
547,189,3,75.21,25.07,0.6824,0.0,1,-2.17,73.0,26.87,economy
548,119,6,231.25,38.54,0.5861,0.6365,2,4.1992,60.4,91.57,economy
549,165,3,108.83,36.28,0.5411,1.0986,3,3.2725,104.0,142.84,economy
550,112,6,247.51,41.25,0.5512,0.0,1,5.1203,30.4,36.35,economy
551,173,5,204.72,40.94,0.2853,0.0,1,-2.302,29.5,20.57,economy
552,101,5,188.61,37.72,0.531,0.673,2,5.8775,43.75,21.48,economy
553,245,1,38.36,38.36,,0.0,1,0.0,245.0,0.0,economy
554,168,3,119.68,39.89,0.4035,0.0,1,1.689,173.5,176.07,economy
555,141,6,206.42,34.4,0.2469,0.6365,2,7.2321,39.4,45.58,economy
556,130,3,76.9,25.63,0.6831,0.0,1,3.1917,110.5,143.54,economy
557,176,6,201.97,33.66,0.3317,0.0,1,1.3039,31.8,49.4,economy
558,103,4,103.69,25.92,0.5484,0.0,1,4.653,39.33,52.21,economy
559,195,7,178.32,25.47,0.2621,1.079,3,0.0,7.17,2.86,economy
560,107,5,206.06,41.21,0.2188,0.0,1,10.8046,49.5,57.43,economy
561,172,6,205.5,34.25,0.4398,1.0114,3,8.222,16.6,12.14,economy
562,165,5,194.88,38.98,0.3225,0.0,1,19.172,26.0,32.32,economy
563,198,4,159.66,39.92,0.7292,1.0397,3,1.5596,60.0,70.66,economy
564,269,3,97.76,32.59,0.109,0.0,1,0.5532,216.5,253.85,economy
565,200,2,53.27,26.64,0.587,0.6931,2,0.0,22.0,0.0,economy
566,39,6,192.48,32.08,0.5396,0.0,1,34.158,19.6,35.08,economy
567,116,3,30.85,10.28,0.8234,0.0,1,-0.4,25.5,7.78,economy
568,604,1,11.93,11.93,,0.0,1,0.0,604.0,0.0,economy
569,781,1,33.6,33.6,,0.0,1,0.0,781.0,0.0,economy
570,121,3,74.1,24.7,0.7274,0.0,1,-4.671,51.5,34.65,economy
571,153,2,60.57,30.28,0.6703,0.0,1,0.0,16.0,0.0,economy
572,155,4,140.56,35.14,0.2716,1.0397,3,4.28,20.33,11.06,economy
573,123,3,80.1,26.7,0.2192,0.0,1,5.884,53.5,17.68,economy
574,153,3,61.7,20.57,0.6449,0.0,1,0.3284,350.0,439.82,economy
575,146,2,74.92,37.46,0.3583,0.0,1,0.0,15.0,0.0,economy
576,130,2,80.37,40.18,0.0604,0.0,1,0.2858,210.0,0.0,economy
577,122,4,150.02,37.5,0.2471,0.5623,2,7.8564,70.0,59.23,economy
578,1050,1,20.83,20.83,,0.0,1,0.0,1050.0,0.0,economy
579,175,7,260.96,37.28,0.4053,1.0042,3,7.432,14.33,4.13,economy
580,135,4,109.49,27.37,0.485,0.0,1,0.0,15.33,19.73,economy
581,119,6,254.24,42.37,0.3473,0.6931,2,9.5529,32.0,28.82,economy
582,164,3,105.37,35.12,0.4055,0.0,1,-6.7232,97.0,106.07,economy
583,126,3,160.6,53.53,0.1165,1.0986,3,-7.792,50.5,50.2,economy
584,135,3,120.98,40.33,0.2136,0.6365,2,1.8855,109.5,70.0,economy
585,206,3,104.21,34.74,0.0664,0.6365,2,18.965,26.5,33.23,economy
586,187,3,105.96,35.32,0.7118,0.0,1,-0.0585,177.5,246.78,economy
587,30,8,250.28,31.29,0.5237,0.0,1,-0.5857,18.14,14.93,economy
588,45,7,197.31,28.19,0.6875,0.7963,3,0.0,6.67,5.47,economy
589,154,5,157.31,31.46,0.5189,0.673,2,1.4574,39.0,30.16,economy
590,167,6,243.26,40.54,0.2568,0.6931,2,20.285,21.6,18.7,economy
591,135,6,264.86,44.14,0.2247,0.0,1,9.2,15.2,14.62,economy
592,174,7,232.25,33.18,0.4256,0.6829,2,13.582,19.5,20.19,economy
593,121,5,130.14,26.03,0.4963,0.0,1,5.0646,32.75,24.13,economy
594,136,3,128.56,42.85,0.1803,0.0,1,1.513,141.5,137.89,economy
595,150,4,153.64,38.41,0.595,0.5623,2,-6.411,34.0,19.05,economy
596,95,3,147.05,49.02,0.242,0.0,1,1.1935,117.0,74.95,economy
597,196,4,150.03,37.51,0.2462,0.6931,2,1.8551,70.67,48.19,economy
598,183,5,200.93,40.19,0.2776,0.0,1,2.0,27.75,23.66,economy
599,118,2,77.16,38.58,0.1547,0.6931,2,0.0,22.0,0.0,economy
600,165,9,350.58,38.95,0.5003,0.0,1,40.541,13.75,15.4,economy
601,169,4,145.46,36.36,0.2446,0.5623,2,1.21,17.0,23.52,economy
602,104,4,147.88,36.97,0.2608,1.0397,3,0.665,57.33,46.7,economy
603,259,4,195.19,48.8,0.4537,0.0,1,1.2867,81.67,84.58,economy
604,116,5,175.76,35.15,0.1638,0.0,1,5.4679,49.5,70.89,economy
605,139,3,109.8,36.6,0.4299,0.0,1,-0.1914,205.5,176.07,economy
606,96,5,189.3,37.86,0.1162,0.0,1,4.3112,82.5,127.58,economy
607,852,1,43.08,43.08,,0.0,1,0.0,852.0,0.0,economy
608,180,4,166.55,41.64,0.4439,0.0,1,9.49,15.67,2.08,economy
609,150,7,243.05,34.72,0.4582,0.5983,2,-25.88,9.5,8.31,economy
610,369,1,28.94,28.94,,0.0,1,0.0,369.0,0.0,economy
611,161,5,87.54,17.51,0.4427,0.0,1,1.6295,89.0,115.18,economy
612,107,5,124.25,24.85,0.6332,0.5004,2,5.2246,43.0,69.45,economy
613,219,4,195.28,48.82,0.2536,0.5623,2,0.0,15.67,3.79,economy
614,220,4,183.13,45.78,0.2308,0.0,1,10.1231,50.67,40.67,economy
615,195,3,61.02,20.34,0.6697,0.0,1,-0.4664,97.5,34.65,economy
616,98,3,121.54,40.51,0.2313,0.0,1,0.6232,296.5,300.52,economy
617,130,6,272.33,45.39,0.5329,0.6931,2,58.045,14.6,10.9,economy
618,81,5,138.14,27.63,0.5401,0.0,1,2.413,29.25,5.25,economy
619,111,4,112.28,28.07,0.6664,0.0,1,3.8789,50.0,14.18,economy
620,215,1,9.79,9.79,,0.0,1,0.0,215.0,0.0,economy
621,232,3,113.35,37.78,0.2092,0.6365,2,0.3898,215.0,178.19,economy
622,169,4,147.2,36.8,0.4135,0.0,1,-6.159,36.0,12.53,economy
623,82,4,166.15,41.54,0.3408,0.0,1,1.1139,97.33,119.68,economy
624,132,6,265.76,44.29,0.4893,0.0,1,26.75,22.4,31.98,economy
625,155,3,52.94,17.65,0.5011,0.0,1,-10.45,44.5,31.82,economy
626,71,5,217.09,43.42,0.3535,0.673,2,10.0266,42.0,66.22,economy
627,116,5,160.81,32.16,0.5161,0.673,2,6.138,27.5,37.46,economy
628,216,4,167.62,41.9,0.3025,0.6931,2,3.154,85.67,62.52,economy
629,113,6,149.53,24.92,0.4003,0.0,1,10.172,23.2,34.88,economy
630,193,4,162.93,40.73,0.2473,0.0,1,2.0072,115.67,59.58,economy
631,35,5,162.71,32.54,0.3673,0.5004,2,5.753,25.5,17.82,economy
632,117,5,287.43,57.49,0.2305,0.673,2,9.5651,49.5,53.66,economy
633,92,5,200.99,40.2,0.3264,0.673,2,0.007,29.5,15.42,economy
634,226,5,157.45,31.49,0.2348,0.673,2,14.853,25.0,27.29,economy
635,171,4,130.35,32.59,0.3298,0.0,1,-2.2,41.33,40.67,economy
636,172,3,112.87,37.62,0.1751,0.0,1,-5.918,62.0,24.04,economy
637,193,5,231.53,46.31,0.0908,0.673,2,3.421,27.25,24.94,economy
638,140,6,147.86,24.64,0.4089,0.0,1,8.3379,33.6,35.99,economy
639,161,6,198.02,33.0,0.2981,0.0,1,13.031,24.0,22.24,economy
640,220,4,126.72,31.68,0.8259,0.5623,2,11.408,44.33,33.83,economy
641,161,6,191.17,31.86,0.2171,0.0,1,9.9226,29.0,32.16,economy
642,94,2,58.5,29.25,0.3331,0.6931,2,-0.2702,511.0,0.0,economy
643,116,6,244.86,40.81,0.3181,0.0,1,17.728,19.2,23.66,economy
644,154,7,286.33,40.9,0.2628,0.0,1,20.205,12.5,17.92,economy
645,179,5,160.29,32.06,0.3629,1.0549,3,1.4916,93.5,168.54,economy
646,131,5,177.74,35.55,0.4016,0.9503,3,4.8414,44.5,39.99,economy
647,160,6,170.96,28.49,0.381,0.0,1,1.3064,46.6,42.17,economy
648,172,5,76.43,15.29,0.9728,0.5004,2,6.1854,40.75,47.59,economy
649,91,6,191.66,31.94,0.5256,1.0114,3,14.8,23.8,30.33,economy
650,143,2,50.32,25.16,0.1197,0.0,1,2.13,43.0,0.0,economy
651,179,3,86.47,28.82,0.5412,0.6365,2,-5.885,23.5,20.51,economy
652,182,7,168.18,24.03,0.6975,0.0,1,6.057,16.83,12.83,economy
653,145,4,162.8,40.7,0.2678,0.5623,2,-7.878,34.33,17.56,economy
654,193,9,277.03,30.78,0.5925,0.5297,2,11.3643,19.75,16.59,economy
655,88,5,175.75,35.15,0.5481,0.673,2,1.8963,66.75,80.16,economy
656,121,4,137.2,34.3,0.1387,0.0,1,-23.205,15.33,14.29,economy
657,42,9,252.86,28.1,0.5894,0.0,1,13.82,17.88,28.59,economy
658,118,5,192.4,38.48,0.4141,0.0,1,-15.877,30.0,26.92,economy
659,90,3,104.11,34.7,0.5653,0.0,1,0.845,221.0,197.99,economy
660,38,5,183.44,36.69,0.2611,0.673,2,5.9,14.5,3.7,economy
661,129,6,247.79,41.3,0.2454,0.6365,2,40.583,17.8,22.94,economy
662,199,1,16.59,16.59,,0.0,1,0.0,199.0,0.0,economy
663,179,3,88.92,29.64,0.6593,0.0,1,-8.145,29.0,16.97,economy
664,121,2,109.94,54.97,0.5526,0.6931,2,-3.58,197.0,0.0,economy
665,148,6,197.43,32.9,0.4321,1.0114,3,-6.3969,30.8,37.06,economy
666,116,6,206.69,34.45,0.2881,1.0986,3,6.981,22.0,19.12,economy
667,129,4,165.65,41.41,0.2117,0.5623,2,15.487,31.33,22.23,economy
668,90,5,157.25,31.45,0.1598,0.0,1,4.286,35.75,35.26,economy
669,124,7,222.35,31.76,0.4271,0.6829,2,2.1664,78.5,121.91,economy
670,481,1,25.98,25.98,,0.0,1,0.0,481.0,0.0,economy
671,512,1,49.52,49.52,,0.0,1,0.0,512.0,0.0,economy
672,116,9,331.18,36.8,0.3267,0.687,2,12.3474,16.88,19.37,economy
673,78,8,288.94,36.12,0.4177,0.0,1,5.026,17.0,11.93,economy
674,85,5,148.37,29.67,0.8906,0.673,2,2.4872,80.25,83.1,economy
675,113,3,79.92,26.64,0.4622,0.0,1,-2.5851,69.5,23.33,economy
676,93,5,194.98,39.0,0.3564,0.673,2,6.9564,56.5,35.97,economy
677,108,4,184.89,46.22,0.3653,0.0,1,-12.04,21.67,21.13,economy
678,250,1,66.17,66.17,,0.0,1,0.0,250.0,0.0,economy
679,162,3,60.03,20.01,0.7994,0.0,1,15.05,32.0,8.49,economy
680,161,7,261.46,37.35,0.4632,0.5983,2,20.1549,24.17,30.94,economy
681,178,6,238.93,39.82,0.2747,0.4506,2,5.6371,32.8,14.08,economy
682,141,4,134.58,33.64,0.2097,0.0,1,0.0,13.0,13.0,economy
683,109,3,127.74,42.58,0.2679,0.0,1,0.0,2.0,1.41,economy
684,481,2,71.24,35.62,0.6948,0.6931,2,1.9091,259.0,0.0,economy
685,153,6,234.84,39.14,0.3332,1.0114,3,20.164,19.0,21.55,economy
686,162,5,178.82,35.76,0.1781,0.0,1,8.9557,43.75,49.42,economy
687,144,7,260.97,37.28,0.2626,0.0,1,-2.333,19.0,13.65,economy
688,139,4,160.58,40.14,0.3512,0.0,1,1.2817,106.33,139.43,economy
689,117,6,150.85,25.14,0.5072,0.6931,2,1.3214,35.8,38.54,economy
690,101,5,134.04,26.81,0.5995,0.0,1,2.013,35.5,41.73,economy
691,154,6,181.0,30.17,0.4802,0.4506,2,42.602,20.8,24.99,economy
692,219,4,176.41,44.1,0.3573,0.6931,2,43.35,19.33,7.57,economy
693,64,5,135.28,27.06,0.2603,0.0,1,-3.228,29.75,46.99,economy
694,156,2,68.5,34.25,0.5079,0.6931,2,-1.64,254.0,0.0,economy
695,153,4,104.83,26.21,0.6672,0.5623,2,0.0,11.33,8.39,economy
696,117,8,288.2,36.02,0.3378,0.0,1,23.76,21.71,31.76,economy
697,80,8,245.44,30.68,0.5131,0.6616,2,0.559,18.29,21.27,economy
698,61,3,84.41,28.14,0.441,0.0,1,0.0,22.0,18.38,economy
699,98,3,109.99,36.66,0.4047,0.0,1,-14.7,40.5,12.02,economy
700,198,4,133.91,33.48,0.4005,0.6931,2,17.045,20.33,9.24,economy
701,213,2,95.98,47.99,1.0205,0.6931,2,7.4207,159.0,0.0,churned
702,416,2,108.56,54.28,0.3311,0.0,1,0.0,0.0,0.0,churned
703,344,3,190.63,63.54,0.5821,0.0,1,3.5811,99.5,86.97,churned
704,461,1,75.07,75.07,,0.0,1,0.0,461.0,0.0,churned
705,342,3,43.29,14.43,0.5685,0.0,1,0.0,23.0,21.21,churned
706,440,2,180.27,90.14,0.0663,0.6931,2,0.0,40.0,0.0,churned
707,301,2,150.98,75.49,0.0776,0.0,1,-0.1453,496.0,0.0,churned
708,415,2,123.89,61.94,0.7078,0.0,1,12.402,116.0,0.0,churned
709,360,2,204.9,102.45,0.0824,0.0,1,0.0,34.0,0.0,churned
710,579,2,117.14,58.57,0.7113,0.0,1,0.0,9.0,0.0,churned
711,604,1,5.0,5.0,,0.0,1,0.0,604.0,0.0,churned
712,578,1,61.87,61.87,,0.0,1,0.0,578.0,0.0,churned
713,268,2,52.24,26.12,1.1435,0.0,1,-1.3925,359.0,0.0,churned
714,238,1,5.0,5.0,,0.0,1,0.0,238.0,0.0,churned
715,1150,1,72.17,72.17,,0.0,1,0.0,1150.0,0.0,churned
716,219,2,49.34,24.67,1.1276,0.0,1,-3.2783,229.0,0.0,churned
717,244,2,88.86,44.43,0.0595,0.0,1,0.0733,458.0,0.0,churned
718,350,1,101.3,101.3,,0.0,1,0.0,350.0,0.0,churned
719,353,3,252.68,84.23,0.3166,0.0,1,0.1371,191.5,161.93,churned
720,1115,1,44.21,44.21,,0.0,1,0.0,1115.0,0.0,churned
721,293,2,164.56,82.28,0.3121,0.0,1,-3.8914,179.0,0.0,churned
722,880,1,35.31,35.31,,0.0,1,0.0,880.0,0.0,churned
723,402,1,72.99,72.99,,0.0,1,0.0,402.0,0.0,churned
724,313,2,41.96,20.98,1.0772,0.0,1,15.98,68.0,0.0,churned
725,200,3,207.86,69.29,0.4116,0.0,1,0.0,17.0,5.66,churned
726,749,2,116.79,58.4,0.4748,0.6931,2,0.0,14.0,0.0,churned
727,301,2,56.51,28.26,1.0523,0.0,1,-21.025,51.0,0.0,churned
728,340,2,70.18,35.09,1.2127,0.6931,2,4.012,270.0,0.0,churned
729,393,1,39.41,39.41,,0.0,1,0.0,393.0,0.0,churned
730,2430,1,63.92,63.92,,0.0,1,0.0,2430.0,0.0,churned
731,462,2,153.63,76.82,0.8932,0.6931,2,0.0,13.0,0.0,churned
732,427,3,113.15,37.72,0.6244,1.0986,3,3.786,68.0,73.54,churned
733,401,2,58.77,29.38,0.0214,0.6931,2,0.1271,163.0,0.0,churned
734,391,2,155.23,77.62,0.153,0.6931,2,1.7989,177.0,0.0,churned
735,874,1,13.1,13.1,,0.0,1,0.0,874.0,0.0,churned
736,347,2,127.64,63.82,0.0667,0.0,1,0.645,183.0,0.0,churned
737,1128,1,55.64,55.64,,0.0,1,0.0,1128.0,0.0,churned
738,310,1,67.34,67.34,,0.0,1,0.0,310.0,0.0,churned
739,230,2,117.8,58.9,0.9362,0.0,1,-38.99,69.0,0.0,churned
740,892,1,105.72,105.72,,0.0,1,0.0,892.0,0.0,churned
741,231,1,5.0,5.0,,0.0,1,0.0,231.0,0.0,churned
742,284,3,91.17,30.39,0.7573,0.6365,2,-6.459,44.5,48.79,churned
743,296,3,87.46,29.15,0.7349,0.0,1,-4.5542,112.5,115.26,churned
744,600,1,5.0,5.0,,0.0,1,0.0,600.0,0.0,churned
745,433,2,117.61,58.8,0.7283,0.6931,2,0.0,28.0,0.0,churned
746,804,1,51.83,51.83,,0.0,1,0.0,804.0,0.0,churned
747,342,1,62.31,62.31,,0.0,1,0.0,342.0,0.0,churned
748,457,2,109.61,54.81,0.3,0.6931,2,-2.4911,182.0,0.0,churned
749,301,2,72.94,36.47,0.9411,0.0,1,3.236,218.0,0.0,churned
750,363,2,83.16,41.58,1.2442,0.0,1,0.0,25.0,0.0,churned
751,436,2,89.25,44.62,0.6314,0.0,1,-2.6567,244.0,0.0,churned
752,427,2,95.8,47.9,0.4015,0.6931,2,0.0,40.0,0.0,churned
753,185,3,331.04,110.35,0.5309,0.0,1,3.0883,128.5,99.7,churned
754,284,2,100.47,50.24,0.3487,0.0,1,-0.9527,340.0,0.0,churned
755,376,2,69.61,34.8,0.4025,0.6931,2,3.962,115.0,0.0,churned
756,393,1,27.42,27.42,,0.0,1,0.0,393.0,0.0,churned
757,297,3,172.18,57.39,0.4362,0.0,1,0.2721,82.0,82.02,churned
758,317,3,163.13,54.38,0.599,0.6365,2,7.0162,140.5,197.28,churned
759,902,1,85.55,85.55,,0.0,1,0.0,902.0,0.0,churned
760,301,3,82.32,27.44,0.6698,0.6365,2,3.4,24.0,16.97,churned
761,327,2,85.29,42.64,0.0214,0.6931,2,0.0,26.0,0.0,churned
762,258,3,46.15,15.38,1.1691,0.6365,2,-2.8018,89.0,114.55,churned
763,339,1,101.93,101.93,,0.0,1,0.0,339.0,0.0,churned
764,291,3,109.8,36.6,0.7633,0.0,1,2.872,49.5,0.71,churned
765,348,1,67.71,67.71,,0.0,1,0.0,348.0,0.0,churned
766,378,1,99.96,99.96,,0.0,1,0.0,378.0,0.0,churned
767,432,2,117.12,58.56,1.2935,0.0,1,0.0,50.0,0.0,churned
768,573,2,174.68,87.34,0.0983,0.6931,2,1.3007,173.0,0.0,churned
769,1439,1,56.92,56.92,,0.0,1,0.0,1439.0,0.0,churned
770,807,1,40.46,40.46,,0.0,1,0.0,807.0,0.0,churned
771,338,3,191.49,63.83,0.6557,0.6365,2,0.0,23.0,12.73,churned
772,422,2,257.9,128.95,0.2691,0.6931,2,-14.724,72.0,0.0,churned
773,312,3,130.07,43.36,0.8926,0.6365,2,7.4206,110.5,96.87,churned
774,307,2,123.36,61.68,0.2479,0.6931,2,-2.3164,196.0,0.0,churned
775,245,3,178.15,59.38,0.8548,0.0,1,49.635,58.5,67.18,churned
776,407,1,99.22,99.22,,0.0,1,0.0,407.0,0.0,churned
777,468,2,79.16,39.58,0.8536,0.6931,2,-14.334,98.0,0.0,churned
778,265,1,79.09,79.09,,0.0,1,0.0,265.0,0.0,churned
779,426,2,142.76,71.38,0.1163,0.0,1,-0.6404,266.0,0.0,churned
780,834,1,5.0,5.0,,0.0,1,0.0,834.0,0.0,churned
781,296,3,131.18,43.73,1.534,0.0,1,4.381,157.5,119.5,churned
782,687,1,120.26,120.26,,0.0,1,0.0,687.0,0.0,churned
783,463,2,148.71,74.35,0.9176,0.0,1,-28.947,102.0,0.0,churned
784,275,3,160.18,53.39,1.1647,0.6365,2,5.7034,153.5,136.47,churned
785,732,1,50.31,50.31,,0.0,1,0.0,732.0,0.0,churned
786,343,2,189.86,94.93,0.3368,0.0,1,22.61,66.0,0.0,churned
787,932,1,114.97,114.97,,0.0,1,0.0,932.0,0.0,churned
788,488,1,16.54,16.54,,0.0,1,0.0,488.0,0.0,churned
789,305,3,170.46,56.82,0.4526,0.0,1,-5.5104,91.0,18.38,churned
790,343,1,39.86,39.86,,0.0,1,0.0,343.0,0.0,churned
791,309,1,120.2,120.2,,0.0,1,0.0,309.0,0.0,churned
792,421,1,35.24,35.24,,0.0,1,0.0,421.0,0.0,churned
793,425,1,6.1,6.1,,0.0,1,0.0,425.0,0.0,churned
794,384,3,94.31,31.44,0.4272,0.6365,2,0.6994,150.5,118.09,churned
795,1240,1,40.74,40.74,,0.0,1,0.0,1240.0,0.0,churned
796,385,2,191.17,95.58,0.4148,0.0,1,16.821,84.0,0.0,churned
797,329,3,204.79,68.26,0.5873,0.6365,2,1.17,215.0,168.29,churned
798,810,1,64.78,64.78,,0.0,1,0.0,810.0,0.0,churned
799,355,2,122.2,61.1,0.0877,0.6931,2,0.3445,301.0,0.0,churned
800,390,2,64.4,32.2,0.6136,0.0,1,0.0,9.0,0.0,churned
